id,name,likes,downloads,makes,published,found_by_terms
60985,The Torture Toaster,11136,97215,515,2021-03-23,coaster
285153,Sunflower fabric coaster,10404,40342,621,2024-09-19,coaster
230363,Leaf Drink Coasters with Decorative Plant Holder,8607,19498,361,2022-06-24,coaster
231240,Coaster - Printing in progress,4133,9162,360,2023-02-17,coaster
229057,Woven Coasters,4078,13286,181,2024-10-31,coaster
230771,Fabric coasters,3855,14042,254,2022-06-23,coaster
544275,Celtic Coaster and Holder,3010,8558,114,2025-09-01,celtic coaster; coaster
1725199,Pallet Coaster,2573,11492,55,2026-05-18,coaster
229616,Record Coasters,2277,4961,66,2024-04-06,coaster
457891,"Fully Printable Swiveling, Locking Caster",1915,2281,6,2023-04-21,coaster
1019160,LEGO Cup Drink Holder (double-wall insulated),1416,5413,24,2024-09-26,coaster
1086840,Cyber Snowflake Christmas Ornament,1399,4420,65,2025-11-18,coaster
1444622,Minimal Cup Coasters,1328,4832,17,2025-12-01,coaster
231907,Disc Brake Coaster Set,1326,4879,63,2023-11-09,coaster; coaster set
845194,Euro pallet / Europalette 1/10 scale,1288,3934,38,2024-08-20,coaster
938118,Monstera coaster plant,1261,2962,20,2025-01-13,coaster
780608,Coaster Brakes Kit,1211,2850,29,2024-03-14,coaster
937880,"Pokemon Coasters Vol. 1 - Charizard, Lucario, Psyduck, Ditto, Metagross",1157,4580,24,2024-10-29,coaster
486066,Roller Coaster Creator 2.0,1122,1092,4,2024-03-24,coaster
324084,Fillet diameter radius gauge | Workshop coaster,1112,2862,96,2023-03-04,coaster
1779129,Monstera Leaf Coaster,1095,4899,16,2026-07-12,coaster
502425,Flexi Hexagonal  Coaster,1061,4299,47,2023-08-25,coaster; hexagon coaster
172331,Flower Pot | Planter With Saucer,1003,8022,68,2023-10-22,coaster
484627,Poza Vasos modernos (Coaster),890,2379,24,2023-05-21,coaster
741700,Voronoi Drinking Glas Coaster,881,3146,20,2024-01-29,coaster; voronoi coaster
539433,Wave Coasters,878,2119,44,2026-07-07,coaster
950749,Hexagonal Design Coaster,877,3306,12,2025-06-18,coaster; hexagon coaster
574932,Halloween Coasters with Scary Pumpkin Faces,872,2517,31,2023-10-28,coaster
937881,"Pokemon Coasters Vol. 2 - Gengar, Rayquaza, Pikachu, Eevee, Victini",863,4039,18,2024-10-29,coaster
927501,Fidget Fabric Fried Egg Set (requires mesh fabric),851,2637,19,2024-07-08,coaster
227888,Coaster in a Filament Spoolholder,846,1100,34,2022-11-04,coaster
227525,JWST Drink Coaster,834,1575,63,2024-01-23,coaster
302472,Halloween Pumpkin Coaster,771,1597,13,2024-08-11,coaster
742621,Infinite love heart - wall art/ coaster,759,3427,21,2024-05-03,coaster
230067,Puzzle Cat Coaster + support,747,1907,17,2022-06-22,coaster
30743,Coaster (stackable),721,4469,101,2025-09-14,coaster
177276,Leaf - Coasters,714,2814,31,2022-04-24,coaster
380230,Sunflower coaster holder,698,2743,66,2023-01-25,coaster
671674,Snowflake Coasters,677,1595,27,2026-06-10,coaster
944112,Beach Cup Holder Coaster Set with Phone and Snack Compartments,666,1231,1,2024-07-15,coaster set
32478,Simple Plant Pot Coaster,653,3127,41,2020-05-29,coaster
1050821,Skeleton Coasters,650,1465,33,2026-06-10,coaster
64622,SD Card Toaster Print In Place,638,3532,132,2021-04-24,coaster
1241563,Skull Coaster,627,2275,4,2025-03-25,coaster
1528880,Textured Desk Organizer with Geometric Pattern,616,1369,3,2025-12-26,geometric pattern
215023,Formula 1 Coaster Set - F1 Logo,614,2953,18,2022-05-28,coaster; coaster set
1444747,Minimal Cup Coasters,603,1712,7,2025-12-01,coaster
1284059,Formula 1 Circuit Coaster Set | 6 Iconic Circuits,582,1113,4,2025-05-03,coaster; coaster set
1439584,Spider web coaster,574,1964,20,2025-10-09,coaster
848890,Fallout Nuka Cola Bottle Cap,574,2230,2,2024-04-19,coaster
806966,Planter Vase Pot for ForgeCore Monstera Coaster Plant,573,1662,5,2026-08-29,coaster
59797,Stargate Puzzle,570,2502,41,2023-02-06,coaster
230442,Bullet Coaster,565,1899,8,2022-06-23,coaster
1124024,Tree Cat - Wall Art/Decoration,561,2112,5,2025-01-12,coaster
228925,Turntable and Vinyl Coaster,560,1826,14,2022-06-20,coaster
179120,Nintendo Switch Toaster,554,5128,47,2023-01-12,coaster
46853,Freezing Pixels - Infill Drink Coasters - Set of 12,548,1964,19,2020-11-21,coaster; coaster set
1118363,DUNE SANDWORM: SELF-ADJUSTING COASTER,537,1318,11,2024-12-24,coaster
341733,"Bambu Lab (A1, P1, P1S, X1, X1C) Build Plate Coaster",529,1157,43,2024-01-08,coaster
1434370,Ornamental Skull Stackable Coasters,523,1054,11,2026-09-10,coaster
72543,Star Trek Coaster,521,2869,80,2024-12-03,coaster; star coaster
801272,Geometric patern coasters,521,1246,2,2024-04-07,geometric coaster; geometric pattern; pattern coaster
798443,Monstera Coaster Set - remix with leaves separated,519,873,4,2024-03-09,coaster; coaster set
503400,Flexi Starfish Coaster,509,2225,39,2023-06-12,coaster; star coaster
88,SpaceX landing pad,500,3141,80,2018-12-03,coaster
229399,Coaster - Stargate,476,2065,20,2023-02-05,coaster; star coaster
1253500,5 Gallon Bucket Caster Wheel Base,456,733,7,2025-04-20,coaster
873146,Pallet truck coaster set,442,846,1,2024-05-08,coaster set
227824,Moving Moiré Pattern Coaster,441,1066,25,2022-06-18,coaster; pattern coaster
1501282,Snowflake coaster,427,1500,6,2025-12-02,coaster
194431,Star Wars Coasters,409,1493,13,2023-02-11,coaster; star coaster
432749,Truchet Coaster,406,2396,40,2023-03-25,coaster
22497,Star Wars Coasters,405,1221,7,2020-02-19,coaster; star coaster
231542,Viking style coasters,403,1322,18,2022-06-25,coaster
265613,Stamp Wheel for Clay - Geometric Pattern,402,1332,8,2024-01-15,geometric pattern
1801170,Yet another coaster set,393,1011,5,2026-09-10,coaster set
1190290,Modern Designed Cup Coaster with Holder,392,2383,9,2026-09-21,coaster
27301,Beachside Drink Holder,379,1205,8,2020-03-27,coaster
63238,Hexagon Coaster Set,376,1396,30,2021-04-10,coaster; coaster set; hexagon coaster
1695166,F1 Coasters set,374,779,4,2026-04-27,coaster set
1191672,Flower Butterfly,345,2065,6,2025-02-14,coaster
228738,Pac-Man & Ms.Pac-Man Inspired Coaster Set (No AMS or MMU required),345,728,9,2024-09-01,coaster set
874720,Belt Buckle - Roller Coaster Style,343,1092,7,2025-07-04,coaster
117798,Floppy Disk Coaster,339,1674,32,2022-01-13,coaster
656354,Monstera Coaster Set,333,2070,13,2023-11-23,coaster; coaster set
171285,Formula 1 Circuit Coasters,329,1225,31,2023-02-28,coaster
956304,Filament Coasters,329,459,14,2024-10-29,coaster
215505,Call of Duty Perk Coasters,324,1577,10,2022-05-28,coaster
564438,Mountain Coasters,319,1145,26,2026-06-09,coaster
622466,Big Flowerpot With Saucer | Planter | Flower Pot | Plantpot With Trivet,319,1573,6,2024-11-24,coaster
231229,Pallet Coaster,317,2447,44,2023-06-03,coaster
875921,Little Yoda Coffee Mug Coaster,309,1201,14,2024-05-11,coaster
2831,SpaceX Coaster,300,1866,43,2025-01-08,coaster
482235,Zelda TotK Coaster,296,850,16,2023-05-15,coaster
271255,Harry Potter Drink Coasters,290,1120,12,2022-09-04,coaster
981289,Geometric Coasters w/Bottom,287,833,13,2024-10-05,geometric coaster
246409,Roller coaster for a marble run,286,2518,51,2024-08-14,coaster
375740,Spiderman Logo Coaster,286,2060,19,2023-01-21,coaster
230495,coaster,278,2546,32,2022-06-23,coaster
86953,Wavepattern Coaster,276,1438,25,2021-11-15,coaster
729564,Voronoi Drink Coaster,275,1002,9,2024-05-03,voronoi coaster
217496,Bonsai pots + coasters,273,1390,16,2023-03-10,coaster
292612,Halloween Spider Web Coasters,271,1359,15,2022-10-11,coaster
227862,Earth coaster,270,1967,19,2022-06-18,coaster
390212,Coaster - Printing in progress Spiral edition,265,747,28,2023-10-06,coaster
640375,Santa Coaster Ho ho ho - 100mm,264,621,14,2023-11-17,coaster
218068,James Webb Space Telescope (JWST) Drink Coaster,260,631,14,2022-06-01,coaster
229348,Line Growth Coasters,256,620,21,2022-06-21,coaster
60334,The Ultimate Coaster (Customizable),255,1081,40,2024-07-10,coaster
100204,Spider-Man Coaster and Keychain,255,1303,20,2024-01-12,coaster
357165,Geometric Patterned Glasses Holder,251,1127,19,2023-01-02,geometric pattern
109625,Coasters and Coaster Rack,248,1680,16,2021-12-31,coaster
231803,Voronoi coaster,242,911,16,2023-02-12,coaster; voronoi coaster
1453246,Set of 6 coasters with a holder.,236,614,1,2025-10-21,coaster set
519583,Optical Illusion Coaster Set,231,707,7,2023-09-26,coaster set
504074,Flexi Flower Coaster,229,1202,16,2023-06-13,coaster
229403,Stargate Coaster,227,1629,14,2022-06-21,coaster; star coaster
229407,Star Wars Imperial Coasters set,221,407,2,2022-06-24,coaster set; star coaster
207440,Star Wars Biggest Coaster Collection Badget 25 x Easy Print Logo,219,771,2,2022-05-17,star coaster
810178,Monstera Coaster Set - Taller Stems,219,395,3,2024-03-28,coaster set
229410,Stargate SG-1 Coaster,211,1070,17,2022-06-21,coaster; star coaster
231410,Celtic Coasters,210,917,5,2024-04-01,celtic coaster
25982,Coaster Set,207,1351,10,2020-03-19,coaster; coaster set
807475,Coaster coaster - Voronoi Coaster,205,1397,16,2024-04-03,coaster; voronoi coaster
590823,Spider-Man - Marvel Coasters,203,1312,16,2023-09-23,coaster
546083,Hex NASA Fabric Coaster,201,2615,48,2024-02-19,coaster
230911,Star Wars Drinks Coasters,195,585,7,2022-06-24,star coaster
478100,Bat-Coaster Collection – The Ultimate Dark Knight Set,186,493,5,2025-11-17,coaster set
15474,Cup coaster,181,1736,24,2019-12-25,coaster
75319,Roller Coaster Coaster,181,660,19,2021-09-04,coaster
4652,Nightmare Before Christmas Coaster Set,178,827,11,2019-07-28,coaster set
559057,Star Wars Coaster Set,177,725,6,2023-08-20,coaster set; star coaster
147449,Planter Pot Saucer/Coaster/Tray - Easily Scalable and Water-Proof,174,1151,29,2022-03-08,coaster
838588,Houndstooth Geometric Wall Pattern,163,246,2,2024-04-10,geometric pattern
162787,Alien Coaster,158,746,14,2026-08-02,coaster
376819,Coaster,157,1438,17,2023-01-23,coaster
93248,Hexagon coasters,156,809,6,2023-03-23,hexagon coaster
160276,Generic Coaster holder (with 3 Celtic coaster designs),156,911,8,2022-04-02,celtic coaster
58231,Coaster & holder set,155,895,11,2022-12-21,coaster set
504311,Mandala Coaster,154,800,8,2023-06-13,mandala coaster
605284,Shuriken Coaster — Replica of Ninja Throwing Star,153,1273,14,2023-10-06,coaster; star coaster
234779,Spaceballs the Coaster,147,554,13,2023-02-10,coaster
1317880,Flower coaster set,145,488,4,2025-06-04,coaster set
133566,Pokeball Coaster Multicolor,145,774,8,2023-02-16,multicolor coaster
622703,Stackable Halloween Pumpkin Coaster Set,144,311,2,2023-10-22,coaster set
333182,Tea light holder: geometric pattern (11 versions),144,420,3,2023-12-06,geometric pattern
194110,Coaster Holder,140,1171,21,2022-05-04,coaster
14559,Coaster Harley-Davidson,138,1384,16,2019-12-18,coaster
796885,Starry Night Coaster,135,372,6,2026-09-24,star coaster
47680,Coaster with Beautiful and Functional Pattern,127,780,14,2024-12-11,coaster; pattern coaster
424140,Star Wars Coasters,127,519,3,2023-03-22,star coaster
169122,star wars coasters,127,598,2,2023-11-18,star coaster
630963,Voronoi Coaster,127,1386,10,2025-06-23,voronoi coaster
137085,Star Wars Rebellion/Imperial Coasters,126,408,5,2022-02-21,star coaster
272472,Star Trek Coaster,125,424,7,2022-09-07,star coaster
443978,Star Trek Coasters and Keychain,124,506,6,2023-04-06,star coaster
207400,Coaster,122,1558,23,2023-01-25,coaster
215040,Formula 1 Coaster Set - F1 Contoured Logo,122,516,3,2022-05-28,coaster set
77698,Hexagon Coaster Set,121,575,12,2021-10-01,coaster set; hexagon coaster
641582,Hub for Disc Brake Coaster Set,121,393,1,2023-11-09,coaster set
1100614,Grinch Coaster Set,121,329,2,2024-12-07,coaster set
633343,star wars coasters,118,706,2,2023-11-01,star coaster
575519,Star Wars Coaster,118,359,1,2023-11-09,star coaster
845980,Palestinian Map In Geometric Pattern Design,117,584,3,2024-04-16,geometric pattern
286441,Skull Starbucks Coaster,114,573,8,2022-12-30,star coaster
490249,Star Wars Movie Title Coasters,113,310,1,2023-05-26,star coaster
532885,Wave Pattern Coaster - Separate Insert,109,427,7,2023-08-04,pattern coaster
75519,Voronoi Coaster,108,634,23,2021-09-08,coaster; voronoi coaster
1160580,Coaster Set (Hex Shape),106,354,2,2025-01-27,coaster set
478732,Starbucks coasters set,104,290,8,2023-05-11,coaster set; star coaster
718592,Voronoi Coaster Stand,102,176,0,2024-01-21,voronoi coaster
230459,"Sun, Moon, & Star Coasters",101,264,2,2024-04-01,star coaster
814037,Hexagon Superfidget Coaster,101,539,5,2026-06-21,hexagon coaster
215075,NASA Coaster Set - NASA Worm Logo,99,384,8,2022-05-28,coaster set
329834,"Hassan II Mosque - Casablanca , Morocco",99,981,3,2024-03-07,moroccan
54782,Japanese Pattern Coasters for FDM,93,408,1,2023-01-06,pattern coaster
1162476,Gritty Grate Clay Tile & Coaster Press and Drying System PROTOTYPE,93,134,1,2025-01-27,tile coaster
710357,Voronoi Pebble Coaster Desktop Mug Holder Surface Protector,92,604,14,2024-01-06,coaster; voronoi coaster
344318,Bicycle disc brake rotor coaster set,91,412,3,2023-02-12,coaster set
231263,Zellij Moroccan Tile Coaster - MMU & Multipart,89,210,1,2022-09-23,moroccan; moroccan coaster; tile coaster
232249,Geometric Illusion Coaster,87,537,9,2022-06-26,geometric coaster
307057,Star Wars Storm Trooper Coaster,87,421,5,2022-10-31,star coaster
229556,Pokemon Starter Surprise Coasters,87,163,3,2022-06-23,star coaster
722982,Cactus Drink Coaster Set,87,220,5,2024-02-22,coaster set
897233,Moroccan Style Modular Bathroom Accessory Set,87,271,2,2024-05-31,moroccan
574301,Mix and Match Coaster Set,86,306,2,2024-08-15,coaster set
8803,Imperial Star Wars Coaster (Stackable),85,422,2,2019-11-03,star coaster
550998,Illusion coaster set,85,289,1,2023-08-12,coaster set
370462,Hexagon Chainmail Coaster,84,793,11,2023-01-15,hexagon coaster
268006,Different tabletop stand for F1 Tire Type Coasters (2-part),84,162,4,2022-08-29,tile coaster
312795,Starbucks Christmas Coaster,83,256,2,2022-12-24,star coaster
981655,Star Wars Coaster / Star Wars Untersetzer Hexagon,80,371,4,2024-08-21,hexagon coaster; star coaster
10814,Eat sleep 3D-print repeat coaster for printing-nerds,79,298,13,2019-11-17,coaster
543603,"Koutoubia Minaret - Marrakech, Morocco",78,672,4,2023-11-29,moroccan
397290,Star Trek Coaster,77,538,8,2023-02-12,star coaster
464450,Stargate Coaster - Two piece with Wormhole Insert,77,441,6,2023-04-27,star coaster
120394,duo pattern coaster,73,464,7,2022-01-19,pattern coaster
50812,Europalette Tischuntersetzer 1:10 / euro pallet table coaster 1:10,72,589,14,2025-03-09,coaster
517004,Stargate Coasters,72,376,3,2023-06-30,star coaster
1412808,Traditional Oriental Window Pattern Coasters Set,69,183,0,2025-09-21,pattern coaster
412650,Futurama Coaster Set,69,233,2,2023-03-01,coaster set
1157382,Moroccan Tiles Roller,69,153,1,2025-01-20,moroccan
523493,STAR TREK coaster parody in Star Wars font,68,101,0,2023-07-09,star coaster
121718,Voronoi Coaster,68,271,4,2022-01-20,voronoi coaster
4659,Super Mario Coaster Set,68,277,2,2019-07-28,coaster set
108986,Coaster Celtic Rune Compass,66,395,1,2021-12-30,celtic coaster
159214,Star Wars Empire Coaster,65,300,4,2022-04-01,star coaster
729502,Voronoi Beverage Coaster,65,183,1,2024-05-03,voronoi coaster
728313,Voronoi Candle Coaster,64,143,2,2024-01-19,voronoi coaster
1333258,Endless Design Blocks | Scalable 3D Pattern Block Set for Geometric Art & More!,64,93,0,2026-03-26,geometric pattern
225847,Voronoi Plant Pot with Coaster,63,186,0,2022-12-23,voronoi coaster
833361,"Easy Filament Change Multicolor Citrus Slice Wall Plaque Hanging - Orange Slice Circle, Lemon, Lime, Grapefruit Coaster",63,203,1,2024-04-15,multicolor coaster
106622,FC Bayern Munich/München coaster,62,1281,13,2021-12-27,coaster
212634,Infill StarWars clipart coasters,62,372,3,2022-05-24,star coaster
484930,"Bab El-Mansour - Meknès, Morocco",62,334,2,2023-05-21,moroccan
852233,Several Animal geometric art for wall or coaster,61,107,0,2024-04-21,geometric coaster
852224,owl  coaster wall gemetric art,61,157,1,2024-04-21,geometric coaster
1493900,Kumiko Christmas stars / Coaster / Weihnachtssterne,61,91,0,2025-12-06,star coaster
185037,Dallas Cowboys coaster set,61,624,9,2022-04-30,coaster set
8804,Rebel Insignia Star Wars Coaster (Stackable),58,247,4,2019-11-03,star coaster
1631234,Tactile Knurled Cylinder and Squircle Rods Set - Multi Geometric Patterns for Sensory Play,58,147,2,2026-05-24,geometric pattern
174959,"MakerDeck Logo, Coin, Coaster, Spinner",57,197,26,2023-03-24,coaster
1134085,Lotus Mandala Coaster,57,269,2,2025-01-17,mandala coaster
84309,Celtic Cross Coasters,56,260,3,2023-05-06,celtic coaster
78431,Hex Pattern Coaster,55,447,3,2023-03-03,pattern coaster
333582,Amazigh Kasbah / Ksar - Morocco,55,324,1,2022-12-06,moroccan
893987,Geometric Pattern Bowl,54,239,0,2024-07-01,geometric pattern
540331,Storage for Star Trek Coaster,53,194,2,2023-07-31,star coaster
231640,Emoji Coaster Set No. 1,53,332,3,2022-06-25,coaster set
564291,Mandala Coasters,52,269,0,2023-08-26,mandala coaster
527948,StarFleet Coaster,52,271,3,2026-01-19,star coaster
837689,Coaster coaster - Voronoi coasters,52,464,3,2024-11-08,voronoi coaster
294692,Star Wars Andor Coaster,51,155,2,2022-10-13,star coaster
231664,Death Star Coaster,51,114,1,2022-06-25,star coaster
1636322,Geometric Easter Eggs Set - Multi Pattern Surfaces Spiral Wavy Lattice Ripple,51,251,3,2026-03-20,geometric pattern
231256,12-Pointed Islamic Star Coaster,50,302,1,2022-06-24,islamic coaster; moroccan; star coaster
247232,Game of Thrones coaster - Stark,50,294,1,2023-09-08,star coaster
665641,"Hassan Tower - Rabat, Morocco",50,378,1,2023-12-01,moroccan
215540,Infill coasters,49,294,18,2022-05-28,coaster
670407,Star Wars Rebel Empire Coaster,49,178,5,2023-12-05,star coaster
231389,Death Star Coasters,49,139,2,2022-06-25,star coaster
227882,Celtic Knot Coaster,49,152,2,2022-06-18,celtic coaster
126311,Voronoi Coaster,49,172,4,2022-12-08,voronoi coaster
612931,Coaster Multicolor Pelagic Maze Remix,49,94,2,2024-03-02,multicolor coaster
129311,Monster Energy Coaster Multicolor,49,267,0,2022-02-04,multicolor coaster
215076,SpaceX Coaster Set - X Logo,48,229,5,2022-05-28,coaster set
562511,Starfield - Drink Coaster (Multi-parts),47,131,3,2024-01-21,star coaster
1292050,Flowers Pattern - Coaster,46,127,1,2025-05-10,pattern coaster
1028497,Unique Infill Coaster Set with Custom Holder (6-7 Coasters),46,245,2,2024-10-04,coaster set
634975,Kanagawa Wavepattern coaster Multicolor prusa xl 5 heads/2 heads,46,107,2,2023-11-03,multicolor coaster
1093262,Star Trek Coaster Holder Holds Four Coasters,45,214,2,2024-12-03,star coaster
607740,STAR WARS MANDALORIAN DRINKS COASTER HOLDER,45,207,2,2025-01-08,star coaster
434367,Michigan Wolverines coaster set with box,45,335,2,2023-04-14,coaster set
1134087,Sacred Lotus Coaster Mandala,44,116,1,2025-01-17,mandala coaster
442887,Tennessee coaster set with box,44,336,1,2023-04-04,coaster set
956655,Maori Coaster Set,44,135,2,2024-07-28,coaster set
798389,"Mausoleum of Mohammed V - Rabat, Morocco",44,268,1,2024-10-07,moroccan
392625,Ripple Coaster Set 🌢,43,109,2,2023-02-08,coaster set
113723,Coaster set,42,161,3,2022-01-06,coaster set
862635,Amazigh Rug - North Africa,42,221,4,2024-05-17,moroccan
691764,Floral Mandala Coaster/Wall Art,41,136,1,2023-12-28,mandala coaster
137758,Voronoi Coaster ,41,295,4,2022-02-22,voronoi coaster
236564,Rotary coaster set Mazda RX-7,41,241,1,2022-07-05,coaster set
1082617,"Planets Space Coasters, set of 6 + Coaster Holder",41,80,1,2024-11-22,coaster set
728340,Voronoi Coasters,40,96,0,2024-01-19,voronoi coaster
36507,Atomic coaster set,40,106,1,2020-07-12,coaster set
232228,Simple Geometric Coaster,39,133,0,2023-02-05,geometric coaster
232356,Celtic Knot Bowl Coaster,39,209,3,2022-06-26,celtic coaster
1456747,Modern Hexagon Coaster,38,95,0,2025-10-23,hexagon coaster
494982,Formula 1 Coaster Set - Team Logos,38,206,1,2023-06-04,coaster set
96699,Stargate Coaster's & Crystal Planet Base,37,144,0,2021-12-18,star coaster
228008,Hexagon Coaster,37,147,7,2022-06-18,hexagon coaster
1455450,Brake Caliper/Rotors Drink/Bar Coaster set. 6 Coasters.,37,154,4,2025-10-22,coaster set
964472,Geometric Patterns for Collagraph Printmaking (FreeCAD),37,140,0,2024-08-04,geometric pattern
229313,Geometric Coaster,36,181,3,2022-06-20,geometric coaster
377075,Voronoi Coaster,36,137,3,2026-01-17,voronoi coaster
46614,Coaster with infill pattern,36,217,6,2020-11-18,pattern coaster
727771,Uncle Iroh/ White Lotus/ Jasmine Dragon coasters set from Avatar The Last Air Bender,36,224,2,2024-01-22,coaster set
531668,BMW Logo / Coaster - Multicolor - MMU,36,346,7,2025-06-12,multicolor coaster
891978,Moroccan Window Stencils,36,93,0,2024-05-26,moroccan
130270,Star-Wars Jedi-Orden Coasters,35,177,1,2023-11-24,star coaster
222382,Hexagon Coaster Set - Alternative Holder,35,82,0,2022-06-08,hexagon coaster
311604,Infill pattern drink coaster and holder,35,304,1,2022-11-06,pattern coaster
821233,"Bunnies! Collection of Interlocking Bunny Pattern / Tessalating Parts (coasters, tiles, models, keychains, lithophane, postcards, ...)",35,95,0,2024-04-17,pattern coaster; tile coaster
234241,Revised Emoji Coaster Set No. 2 added STL Files,35,193,2,2022-08-09,coaster set
779136,Harry Potter House Coaster Set,35,170,2,2024-02-24,coaster set
676195,Snowflake Coaster Set - fixed STLs,34,158,3,2023-12-10,coaster set
392480,Moroccan-style wallmounted lamp (Lampe murale style marocain),34,146,0,2023-02-07,moroccan
60837,mandala coasters,33,169,1,2021-03-21,mandala coaster
642327,Starbucks Coaster,33,322,5,2023-11-09,star coaster
1591475,Hunting wildlife coaster set,33,158,1,2026-02-08,coaster set
618930,Halloween Coaster Set,33,116,1,2023-10-30,coaster set
805376,a bookamrk with an islamic pattern,33,291,1,2024-03-14,islamic pattern
230667,Star Citizen Coaster Set,32,213,4,2026-01-17,coaster set; star coaster
229849,Time Spiral Coaster,32,100,1,2024-04-01,tile coaster
1109,Raiders Coaster Set,32,325,3,2023-09-26,coaster set
352674,Seamless Geometric Pattern,32,200,2,2022-12-29,geometric pattern
839031,Icosahedral Virus & Interlaced Geometric Pattern - Lampshade - Lasercut 3mm plywood + 3D printed connectors,32,63,0,2025-11-24,geometric pattern
230830,Geometric Coaster with holder,31,61,1,2022-06-25,geometric coaster
229378,Honeycomb Hexagon Heat Tile Coaster - Raised Hexagons,31,152,1,2022-06-21,hexagon coaster; tile coaster
1134013,Celtic Knot Coaster - Triquetra,31,139,1,2025-01-17,celtic coaster
35822,Voronoi Coaster Holder,31,159,3,2025-10-18,voronoi coaster
215078,NASA Coaster Set - NASA Worm Contoured Logo,31,116,2,2022-05-28,coaster set
666791,"Fort Al Kabibat - Larache, Morocco",31,86,0,2023-12-02,moroccan
528790,Mario Kart Coasters - Starman,30,98,2,2023-08-13,star coaster
242347,Celtic Knot Coaster,30,147,1,2022-07-15,celtic coaster
948517,Cow Pattern Coaster Set,30,90,0,2024-07-20,pattern coaster
1369378,Gamecube Coaster Set,30,54,1,2025-07-29,coaster set
821948,"Royal Palace Gate - Fes, Morocco",30,103,0,2024-03-27,moroccan
231550,STARGATE SG 1 coaster,29,147,2,2022-06-25,star coaster
1805691,Stargate Atlantis gate ring mug coaster.,29,57,0,2026-08-10,star coaster
268572,Star Wars Coaster,28,297,0,2022-08-30,star coaster
232296,Star Trek Shuttlebay Coaster,28,93,0,2022-06-26,star coaster
120397,Star-Wars Galctic-Empire Coasters,28,115,1,2023-11-24,star coaster
1520516,Christmas Star Coaster - Festive Decor,28,85,0,2025-12-18,star coaster
229377,Honeycomb Hexagon Heat Tile Coaster - Recessed Hexagons,28,193,1,2022-06-21,hexagon coaster; tile coaster
242695,Another Celtic Knot Coaster,28,86,1,2022-07-16,celtic coaster
131583,Voronoi Heart Coaster,28,134,5,2022-02-09,voronoi coaster
1053468,Wall art / coaster: Limited time (3),28,62,1,2024-10-28,tile coaster
711402,Celtic Mandala Coaster 8,27,153,1,2024-01-07,celtic coaster; mandala coaster
465650,The Last Starfighter Coaster,27,80,0,2023-09-25,star coaster
90355,Hexagon coasters different infill + color change and coaster holder,27,179,1,2025-03-24,hexagon coaster
737479,Voronoi Coaster with pillar coaster holder,27,131,0,2024-01-25,voronoi coaster
1292941,Flower Patterns - Coaster,27,80,0,2025-05-11,pattern coaster
4651,Cleveland Browns Coaster Set,27,293,4,2019-07-28,coaster set
545638,Record Player Coaster Set,27,88,1,2024-10-22,coaster set
387781,Love Coaster Set (Untersetzer),27,106,1,2023-02-03,coaster set
833775,Star Trek Live Long and Prosper Coaster,26,160,1,2024-04-05,star coaster
253446,Honeycomb Patterned Hexagon Coaster,26,131,6,2022-08-04,hexagon coaster; pattern coaster
228585,Hex pattern coaster,26,82,3,2023-01-18,pattern coaster
921849,Vinyl Record Coaster + Display Set,26,174,2,2024-06-24,coaster set
928469,"Juicy Hamburger Puzzle Coaster Set - Easy print, with filament change for multicolor - Dopamine decor, diner, retro, novelty coaster set",26,54,1,2024-07-04,coaster set; multicolor coaster
490747,Oujda Clock Tower - Morocco,26,118,1,2023-06-15,moroccan
130255,Star-Wars Galctic-Republic Coasters,25,98,0,2023-11-24,star coaster
1602416,Hexagon moiré pattern coaster,25,68,1,2026-02-15,hexagon coaster; pattern coaster
679969,Celtic / Norse - Tree Of Life Coaster 43,25,123,4,2023-12-13,celtic coaster
588696,Celtic Coaster Holder,25,109,1,2023-09-21,celtic coaster
844233,Celtic coaster model 3,25,97,1,2024-10-09,celtic coaster
1047104,Halloween Coaster Set,25,45,1,2024-10-21,coaster set
1183439,Andalusian wall decor - Islamic pattern design,25,133,1,2025-02-08,islamic pattern
887205,Planter #1 - Geometric Pattern Planter/Pot,25,211,2,2024-05-24,geometric pattern
588885,Hand Among Rubble | Inspired by the Moroccan earthquake,25,138,1,2023-09-21,moroccan
199023,Star Wars/Imperial Coaster Holder,24,77,0,2022-05-08,star coaster
193944,Star wars coaster,24,75,0,2022-09-04,star coaster
35178,Celtic Knot Coaster,24,135,1,2020-06-23,celtic coaster
93443,Celtic Knot Shamrock Coaster,24,111,3,2021-12-15,celtic coaster
587491,Celtic Symbol Coaster 42,24,108,2,2023-09-19,celtic coaster
585603,Celtic Style Coaster,24,96,1,2023-09-17,celtic coaster
587485,Celtic Symbol Coaster 39,24,99,1,2023-09-19,celtic coaster
304764,Islamic Ornament Pattern,24,235,1,2022-10-28,islamic pattern
1286464,Mystic Moroccan Lantern,24,68,0,2025-05-05,moroccan
572980,Star Wars Mandalorian Mythosaur Multicolor Coaster,23,155,0,2023-09-04,multicolor coaster; star coaster
893317,Coaster Set for Star Wars fans,23,139,0,2024-05-27,star coaster
289637,Hexagon hexagon coaster,23,396,2,2023-07-19,hexagon coaster
740225,Mix & Match Voronoi stackable coasters,23,69,0,2024-01-27,voronoi coaster
66797,Tile coaster,23,54,0,2021-05-14,tile coaster
1061134,Coaster pack Hueforge/multicolor,23,65,0,2024-11-04,multicolor coaster
885854,Geometric stencil pattern,23,100,0,2024-05-20,geometric pattern
873332,Palestinian Map In Geometric Pattern Design - 2 Parts,23,79,0,2024-05-08,geometric pattern
277251,Viking Mandala Coaster,22,88,0,2022-09-16,mandala coaster
1420035,Traditional Oriental Window Pattern Coasters Set 2,22,65,0,2025-09-20,pattern coaster
227800,Sunny Smiley Coaster Set,22,172,1,2022-06-18,coaster set
1096641,Christmas Tree Coaster Set – Functional and Customizable Holiday Decor,22,56,1,2026-05-27,coaster set
215077,ESA Coaster Set - European Space Agency Logo,22,67,1,2022-05-28,coaster set
935003,Geometric Circle Cup Coasters,21,107,0,2024-07-06,geometric coaster
512454,"Star Trek Coaster - Tea, Earl Grey, Hot.",21,51,1,2023-06-24,star coaster
572977,Star Wars Mudhorn Multicolor Coaster,21,68,0,2023-09-04,multicolor coaster; star coaster
587516,Celtic Symbol Coaster 49,21,81,1,2023-09-19,celtic coaster
587482,Celtic Symbol Coaster 37,21,74,1,2023-09-19,celtic coaster
389480,Heart Coasters (customizable with any infill pattern),21,57,1,2023-02-09,pattern coaster
162793,Los Angeles Lakers Coasters (Set of 4),21,174,3,2022-04-05,coaster set
1348695,F1 Coaster Set | 6 Additional Iconic Circuits,21,126,1,2025-07-07,coaster set
779300,Mickey and Friends Coaster Set,21,131,2,2024-02-24,coaster set
1060182,Interlocking Snowflake Coasters - Set of 3,21,49,1,2024-11-14,coaster set
227771,Polymaker coaster set,21,19,3,2022-06-18,coaster set
666784,Fes Tannery - Morocco,21,106,0,2025-12-17,moroccan
1038262,Geometric Coasters – Modern Style for every coffee Cup,20,70,1,2024-10-13,geometric coaster
711524,Celtic Mandala Coaster 32,20,95,1,2024-01-07,celtic coaster; mandala coaster
711433,Celtic Mandala Coaster 15,20,81,0,2024-01-07,celtic coaster; mandala coaster
96682,Star Trek Coaster,20,89,2,2021-12-18,star coaster
1179797,Star Trek Starfleet Command Coasters,20,96,0,2025-02-05,star coaster
587477,Celtic Symbol Coaster 34,20,79,1,2023-09-19,celtic coaster
587473,Celtic Symbol Coaster 33,20,68,0,2023-09-19,celtic coaster
57740,Coaster - coffee time + name (podtácek),20,145,2,2021-02-21,tile coaster
230108,Coffee Time Coaster,20,123,1,2022-06-22,tile coaster
666803,"Sqala du Port - Essaouira, Morocco",20,91,1,2023-12-02,moroccan
711534,Celtic Mandala Coaster 34,19,123,1,2024-01-07,celtic coaster; mandala coaster
711614,Celtic Mandala Coaster 50,19,96,1,2024-01-07,celtic coaster; mandala coaster
230868,Starwars Coaster,19,158,0,2022-06-24,star coaster
633700,Empire star wars coaster,19,163,0,2023-11-01,star coaster
253438,Two-Piece Stacking Hexagon Coaster,19,67,1,2024-02-14,hexagon coaster
1248337,Stackable Hexagon Coasters,19,103,0,2025-03-30,hexagon coaster
585615,Celtic Style Coaster 4,19,72,3,2023-09-17,celtic coaster
585632,Celtic Style Coaster 9,19,68,1,2023-09-17,celtic coaster
227982,HEXA podtácky se vzorem plástve (HEXA Coaster with honeycomb pattern) - OpenSCAD parametrizable,19,143,2,2022-12-23,pattern coaster
232264,Wheel of Time Chapter Icon Coaster - Mat Cauthon's Dice,19,58,2,2025-12-07,tile coaster
954010,Golden Retriever Coaster Set - Hueforge,19,151,2,2024-07-25,coaster set
215079,SpaceX Coaster Set - X Contoured Logo,19,94,3,2022-05-28,coaster set
283520,Coaster Set,19,78,2,2022-09-26,coaster set
644088,Christmas Coasters AMS Multicolour,19,171,4,2023-11-11,multicolor coaster
509173,Moroccan Tile Planter Box with Lid,19,106,0,2023-06-20,moroccan
137013,Geometric Coaster,18,81,0,2022-02-20,geometric coaster
711570,Celtic Mandala Coaster 40,18,106,1,2024-01-07,celtic coaster; mandala coaster
711378,Celtic Mandala Coaster 1,18,120,0,2024-01-07,celtic coaster; mandala coaster
577122,Stargate SG-1 Coaster (Remix),18,196,3,2023-09-10,star coaster
112307,Hexagonal coasters,18,103,1,2022-01-03,hexagon coaster
587525,Celtic Symbol Coaster 51,18,81,1,2023-09-19,celtic coaster
1518526,Irish Celtic Tree of Life Coaster,18,33,1,2025-12-16,celtic coaster
622099,Voronoi Coasters with Coaster Rack,18,126,1,2023-10-22,voronoi coaster
751523,Polygon Pattern Coaster,18,83,1,2024-02-04,pattern coaster
304777,Hex Pattern Coasters With Drip Ring,18,104,0,2024-02-06,pattern coaster
881209,Drink Coaster (set) under your favorite beverage! STACKS!,18,96,1,2024-05-17,coaster set
1506666,Moroccan Trellis Tealight Holder | Decor,18,53,0,2026-06-12,moroccan
519048,3pcs Set Geometric Coasters,17,60,2,2023-07-03,coaster set; geometric coaster
249648,Stack-able Star Trek Coasters,17,115,1,2022-07-28,star coaster
130278,Star-Wars Rebellen Coasters,17,86,0,2023-11-24,star coaster
522429,Hexagon Coasters,17,195,3,2023-07-08,hexagon coaster
253394,Customizable Hexagon Monogram Coasters,17,44,0,2023-08-08,hexagon coaster
679965,Celtic / Norse - Tree Of Life Coaster 41,17,68,0,2023-12-13,celtic coaster
587507,Celtic Symbol Coaster 44,17,55,0,2023-09-19,celtic coaster
229729,Voronoi style Coaster,17,64,4,2022-06-21,voronoi coaster
614014,Settlers of Catan coasters,17,73,1,2023-10-15,coaster set
98058,Star Wars Rebel Coaster MMU + Single Extruder,16,116,2,2023-10-15,star coaster
587484,Celtic Symbol Coaster 38,16,55,0,2023-09-19,celtic coaster
388495,Alabama Crimson Tide  Coaster Box,16,97,0,2023-04-04,tile coaster
547958,Tire Rim Coasters,16,67,0,2023-08-09,tile coaster
896264,Multicolor Fruit Coasters - No MMU Required,16,43,0,2024-05-30,multicolor coaster
1027553,moroccan zellige  pattern,16,117,0,2024-10-03,moroccan; zellige
711383,Celtic Mandala Coaster 2,15,92,0,2024-01-07,celtic coaster; mandala coaster
76049,Star Wars Jedi Coaster (Multimaterial / MMU),15,83,1,2021-09-17,star coaster
838544,Starbucks Coaster,15,138,0,2024-04-09,star coaster
936099,Pokemon Gen 1 Starter Coaster Set,15,125,0,2024-07-07,star coaster
369968,Hexagonal Coaster Set,15,125,2,2025-10-06,coaster set; hexagon coaster
1228219,Modern Hexagon Coaster Set (Customizable),15,69,1,2025-03-26,coaster set; hexagon coaster
267584,Hexagonal Coffee Coaster,15,62,0,2023-05-20,hexagon coaster
679754,Celtic / Norse - Tree Of Life Coaster 22,15,112,1,2023-12-13,celtic coaster
587515,Celtic Symbol Coaster 48,15,65,0,2023-09-19,celtic coaster
737458,Voronoi Coaster,15,80,1,2024-01-25,voronoi coaster
230457,Coaster Wave Pattern,15,60,1,2022-06-23,pattern coaster
540349,Tri Pattern Coaster,15,65,0,2023-08-01,pattern coaster
711399,Celtic Mandala Coaster 7,14,71,1,2024-01-07,celtic coaster; mandala coaster
711596,Celtic Mandala Coaster 45,14,81,0,2024-01-07,celtic coaster; mandala coaster
805036,StarWars themed coasters (set of 6),14,114,1,2024-03-14,coaster set; star coaster
520631,"Star Trek Coaster Number 2 - Tea, Earl Grey, Hot.",14,59,1,2023-07-05,star coaster
572983,Star Wars Jedi Order Multicolor Coaster,14,100,0,2023-09-04,multicolor coaster; star coaster
902014,Brawl Stars Logo Coaster,14,90,0,2024-06-04,star coaster
354210,Star Trek / Star Wars coaster parody,14,47,1,2022-12-31,star coaster
258272,Star Wars MMU Coaster,14,61,1,2022-08-13,star coaster
464890,Coasters - hexagonal fabric,14,125,2,2023-05-03,hexagon coaster
599959,Surface Tension Free Hexagon Coaster with Holder,14,95,0,2025-07-14,hexagon coaster
844109,Celtic coaster model 1,14,57,1,2024-10-09,celtic coaster
587508,Celtic Symbol Coaster 45,14,64,1,2023-09-19,celtic coaster
587481,Celtic Symbol Coaster 36,14,52,0,2023-09-19,celtic coaster
1151760,Hex Tiles Coasters With Stand (SpaceX Themed),14,64,2,2025-02-10,tile coaster
981045,Harris - Walz Coaster Set (4 Designs),14,38,1,2025-12-24,coaster set
231951,Yin Yang - Coaster / Untersetzer (for Multicolor printing),14,123,0,2022-06-26,multicolor coaster
724851,poke coasters for non multicolor printers,14,48,0,2024-01-16,multicolor coaster
581485,Geometric coaster,13,39,1,2023-09-16,geometric coaster
711451,Celtic Mandala Coaster 19,13,72,0,2024-01-07,celtic coaster; mandala coaster
555120,Starbuck Logo Coaster,13,121,2,2023-08-16,star coaster
1568314,Death Star Coaster Stack,13,34,1,2026-01-24,star coaster
1393232,Stargate SG1 coaster holder,13,33,2,2025-08-26,star coaster
238044,Stargate Untersetzer / Coaster,13,91,1,2022-07-08,star coaster
481673,HEXAGON COASTER GLASS CELTIC PATTERN,13,59,1,2023-05-31,celtic coaster; hexagon coaster; pattern coaster
659808,Hexagonal Drink Coaster Set,13,30,0,2023-11-26,hexagon coaster
587460,Celtic Symbol Coaster 29,13,56,1,2023-09-19,celtic coaster
587513,Celtic Symbol Coaster 47,13,63,0,2023-09-19,celtic coaster
679962,Celtic / Norse - Tree Of Life Coaster 39,13,55,0,2023-12-13,celtic coaster
679981,Celtic / Norse - Tree Of Life Coaster 48,13,50,0,2023-12-13,celtic coaster
587479,Celtic Symbol Coaster 35,13,63,0,2023-09-19,celtic coaster
587455,Celtic Symbol Coaster 26,13,54,0,2023-09-19,celtic coaster
587510,Celtic Symbol Coaster 46,13,55,0,2023-09-19,celtic coaster
679976,Celtic / Norse - Tree Of Life Coaster 47,13,42,0,2023-12-13,celtic coaster
441167,Disneyland Railroad Drumhead - Coaster Set (8),13,53,1,2025-09-16,coaster set
278079,Babylon 5 Coaster set,13,69,1,2023-08-10,coaster set
871284,NASA Coaster Multicolor,13,63,0,2024-05-07,multicolor coaster
1238475,Arabesque (Girih) Jewelry  Box,13,73,0,2025-03-25,girih
1297074,Geometric Spherical Vase with Diamond Pattern (vase mode),13,115,2,2025-06-20,geometric pattern
1622845,Tackable Geometric Storage Box – Star & Hex Pattern Organizer,13,67,0,2026-03-02,geometric pattern
491179,Geometric Drink Coaster,12,38,1,2023-05-27,geometric coaster
932927,Set of four decorative coasters  (mandala motif),12,47,1,2024-07-04,coaster set; mandala coaster
711575,Celtic Mandala Coaster 41,12,80,0,2024-01-07,celtic coaster; mandala coaster
711425,Celtic Mandala Coaster 13,12,65,0,2024-01-07,celtic coaster; mandala coaster
98084,Star Wars Imperium Coaster MMU + Single Extruder,12,126,1,2023-10-15,star coaster
532234,Star Wars / Boba Fett / Mandalorian coaster set,12,42,0,2023-07-21,coaster set; star coaster
222287,Star Trek Command Coaster,12,114,0,2022-06-08,star coaster
223279,Coaster With Hexagonal Pattern & Dispenser,12,157,1,2025-02-22,hexagon coaster; pattern coaster
1288139,Coaster with spiral and hexagon pattern,12,55,0,2025-05-30,hexagon coaster; pattern coaster
587470,Celtic Symbol Coaster 31,12,58,1,2023-09-19,celtic coaster
587468,Celtic Symbol Coaster 30,12,50,2,2023-09-19,celtic coaster
587499,Celtic Symbol Coaster 43,12,53,0,2023-09-19,celtic coaster
587486,Celtic Symbol Coaster 40,12,54,0,2023-09-19,celtic coaster
587519,Celtic Symbol Coaster 50,12,57,0,2023-09-19,celtic coaster
679968,Celtic / Norse - Tree Of Life Coaster 42,12,44,0,2023-12-13,celtic coaster
585621,Celtic Style Coaster 5,12,54,0,2023-09-17,celtic coaster
679985,Celtic / Norse - Tree Of Life Coaster 50,12,44,0,2023-12-13,celtic coaster
335979,Celtic knot coaster,12,39,0,2022-12-09,celtic coaster
585610,Celtic Style Coaster 2,12,48,0,2023-09-17,celtic coaster
585623,Celtic Style Coaster 6,12,47,0,2023-09-17,celtic coaster
1774154,"Mathematical, Crystal, and Voroni Lattice Coaster Collection",12,44,1,2026-07-25,voronoi coaster
741062,Voronoi Square Coaster,12,91,0,2024-01-28,voronoi coaster
736010,Voronoi Coasters,12,59,0,2024-01-24,voronoi coaster
383579,Coaster - canning pattern,12,52,0,2023-01-30,pattern coaster
278956,Circular Pattern Coaster,12,37,0,2023-02-05,pattern coaster
178949,LA Rams coaster set,12,240,2,2022-04-26,coaster set
276923,Toxic Coaster Set,12,48,1,2023-10-11,coaster set
73472,Mighty Car Mods Chopped Coaster (Multipart / Multicolor),12,68,1,2022-04-09,multicolor coaster
809204,"Tesla coaster (easy multicolor, fast printing)",12,80,1,2024-03-18,multicolor coaster
572986,Star Wars Rebellion Multicolor Coaster,12,77,0,2023-09-04,multicolor coaster
615602,Super Mario Mushroom Coaster Multicolor,12,38,0,2023-10-15,multicolor coaster
435894,Secret Squirrel & Morocco (Multi-material colour version),12,29,0,2023-03-28,moroccan
338294,Islamic Zellige Tiles Cookie Cutter,12,86,0,2024-12-02,zellige
538512,Geometric Coaster,11,33,0,2023-07-29,geometric coaster
1092253,Geometric Coaster With Condensation Catch,11,31,0,2025-02-22,geometric coaster
711396,Celtic Mandala Coaster 5,11,93,0,2024-01-07,celtic coaster; mandala coaster
711603,Celtic Mandala Coaster 47,11,92,0,2024-01-07,celtic coaster; mandala coaster
711518,Celtic Mandala Coaster 31,11,79,0,2024-01-07,celtic coaster; mandala coaster
711600,Celtic Mandala Coaster 46,11,63,0,2024-01-07,celtic coaster; mandala coaster
1062162,pedestal (parametric) for Stargate Multicolor Coaster by Kvant,11,50,3,2024-11-04,multicolor coaster; star coaster
1190986,Star Wars Stormtrooper Miss You Coaster,11,48,1,2025-02-14,star coaster
572959,Star Wars Galactic Empire Multicolor Coaster,11,71,1,2023-09-04,multicolor coaster; star coaster
1050228,Starbucks Coaster,11,63,0,2024-10-24,star coaster
169051,"Interlocking coasters (leak preventing, hexagonal)",11,52,1,2022-04-12,hexagon coaster
844112,Celtic coaster model 2,11,53,1,2024-10-09,celtic coaster
470882,Celtic Nordic cross keychain and coaster,11,35,1,2023-05-05,celtic coaster
679971,Celtic / Norse - Tree Of Life Coaster 44,11,69,0,2023-12-13,celtic coaster
585627,Celtic Style Coaster 7,11,55,0,2023-09-17,celtic coaster
585637,Celtic Style Coaster 10,11,52,0,2023-09-17,celtic coaster
585629,Celtic Style Coaster 8,11,45,0,2023-09-17,celtic coaster
792716,Voronoi planter bowl/coaster,11,47,0,2024-03-04,voronoi coaster
253272,D&D spray-paint pattern for coasters,11,19,0,2023-04-09,pattern coaster
231671,Time Variance Authority Coaster,11,76,1,2022-06-25,tile coaster
1051015,Wall art / coaster: Limited time (1),11,24,1,2024-10-25,tile coaster
294036,XCOM 2 Coaster Set,11,47,1,2023-04-17,coaster set
20027,Coaster - hearts (mmu/multicolor),11,92,0,2024-08-23,multicolor coaster
613774,Super Mario Coaster Multicolor,11,37,0,2023-10-14,multicolor coaster
1227278,Funny Periodic Table Coaster - Stupify (Multibody/Multicolor/AMS),11,14,0,2025-03-16,multicolor coaster
795603,"Twin Center - Casablanca, Morocco",11,91,2,2024-03-07,moroccan
711389,Celtic Mandala Coaster 3,10,77,0,2024-01-07,celtic coaster; mandala coaster
711429,Celtic Mandala Coaster 14,10,70,0,2024-01-07,celtic coaster; mandala coaster
711473,Celtic Mandala Coaster 24,10,72,0,2024-01-07,celtic coaster; mandala coaster
711408,Celtic Mandala Coaster 9,10,63,0,2024-01-07,celtic coaster; mandala coaster
711537,Celtic Mandala Coaster 35,10,67,0,2024-01-07,celtic coaster; mandala coaster
711540,Celtic Mandala Coaster 36,10,66,0,2024-01-07,celtic coaster; mandala coaster
711471,Celtic Mandala Coaster 23,10,68,0,2024-01-07,celtic coaster; mandala coaster
711546,Celtic Mandala Coaster 38,10,53,0,2024-01-07,celtic coaster; mandala coaster
711506,Celtic Mandala Coaster 29,10,49,0,2024-01-07,celtic coaster; mandala coaster
711612,Celtic Mandala Coaster 49,10,50,0,2024-01-07,celtic coaster; mandala coaster
711398,Celtic Mandala Coaster 6,10,50,0,2024-01-07,celtic coaster; mandala coaster
711442,Celtic Mandala Coaster 17,10,42,0,2024-01-07,celtic coaster; mandala coaster
1082836,"Star Wars 'I Love You, I Know' Coaster",10,26,1,2024-11-22,star coaster
656803,EMS Star of Life Coaster,10,85,0,2023-11-23,star coaster
1498691,Hexagon Coaster,10,48,2,2025-11-30,hexagon coaster
535278,Hexagon Coaster,10,61,0,2023-07-29,hexagon coaster
587487,Celtic Symbol Coaster 41,10,59,0,2023-09-19,celtic coaster
679724,Celtic / Norse - Tree Of Life Coaster 12,10,35,0,2023-12-13,celtic coaster
585607,Celtic Style Coaster 1,10,41,0,2023-09-17,celtic coaster
1116365,Voronoi Coaster - Circle,10,83,1,2024-12-21,voronoi coaster
731708,Voronoi beer coaster,10,47,1,2024-01-21,voronoi coaster
798404,Voronoi coaster set,10,32,1,2024-03-09,coaster set; voronoi coaster
1590557,Roman Tetris Maze Patterned 3d Coaster,10,23,1,2026-02-08,pattern coaster
1132279,House Coasters Set Harry Potter,10,81,1,2025-01-03,coaster set
487318,Infill Designs Coaster Set (w/ Holder),10,54,1,2023-05-22,coaster set
936130,The Simpsons Coaster Set,10,69,1,2024-07-07,coaster set
249759,StrangerThings coaster set,10,63,1,2023-09-08,coaster set
842352,McLaren F1 coaster (multicolor),10,107,0,2024-04-13,multicolor coaster
798593,Multi-material terrazzo coaster with storage tray - multicolor print,10,26,0,2024-03-17,multicolor coaster
954518,Vase Geometric Low Poly Pattern,10,39,1,2024-07-26,geometric pattern
1286362,Phone Stand Geometric Pattern,10,75,0,2025-05-19,geometric pattern
960756,LAMPE ELANCE GEOMETRIC PATTERN,10,54,0,2024-08-03,geometric pattern
1394401,"Kasbah Mehdya - Kenitra , Morocco",10,64,0,2025-08-24,moroccan
1394398,Tajine of Safi - Morocco,10,21,0,2025-08-24,moroccan
1608576,Wood Grain Coasters using Blender Geometry Nodes | Bump STL Texturizer,9,58,0,2026-04-24,geometric coaster
231796,Geometric Sun Coaster,9,19,0,2022-06-25,geometric coaster
615410,Geometric Coaster,9,22,0,2023-10-15,geometric coaster
863966,Mandala Coaster,9,99,0,2024-05-01,mandala coaster
711595,Celtic Mandala Coaster 44,9,59,0,2024-01-07,celtic coaster; mandala coaster
711455,Celtic Mandala Coaster 20,9,54,0,2024-01-07,celtic coaster; mandala coaster
711588,Celtic Mandala Coaster 43,9,43,0,2024-01-07,mandala coaster
993321,Star Wars - Original Trilogy - Stacking Coasters,9,65,0,2024-09-01,star coaster
317857,Star Wars (Rebel Alliance Logo) themed Drink Coaster,9,78,2,2022-11-15,star coaster
692807,Star Wars Emblem Coasters with Holder.,9,55,0,2023-12-25,star coaster
1693474,Star Wars Coasters – Rebel & Empire Set (2-Color AMS/MMU),9,46,0,2026-04-18,star coaster
180745,Hexagon drink coaster,9,97,3,2022-04-28,hexagon coaster
587456,Celtic Symbol Coaster 27,9,49,0,2023-09-19,celtic coaster
679714,Celtic / Norse - Tree Of Life Coaster 7,9,40,0,2023-12-13,celtic coaster
349053,A cup coaster with an open lattice Voronoi pattern.,9,102,2,2022-12-25,pattern coaster; voronoi coaster
52719,Hex pattern flower pot coaster,9,134,1,2021-01-20,pattern coaster
228892,Tile Coaster Holder,9,76,0,2022-06-20,tile coaster
1580605,Iron Maiden Eddie Coaster Set Somewhere In Time Album Tribute 100mm,9,42,0,2026-02-01,tile coaster
1238350,Coffee time coaster,9,40,0,2025-03-22,tile coaster
1019578,Wooden Coaster Set,9,49,2,2025-06-05,coaster set
1469971,Set of Cup Coasters,9,15,1,2025-11-04,coaster set
777288,Depeche Mode Coaster [Violator Artwork] Multipass Multicolor,9,64,0,2025-03-28,multicolor coaster
1082525,Reindeer Coaster (MultiColor),9,17,0,2024-11-22,multicolor coaster
1226425,Funny Periodic Table Coaster - Geekium (Multibody/Multicolor/AMS),9,13,0,2025-03-12,multicolor coaster
1235334,Arabesque(Girih) Pad/Trivet 20x20cm,9,76,0,2025-03-22,girih
1634069,Islamic Ramadan Cookie Cutter STL Bundle | Palm Tree Prayer Geometric Fondant Cutter Set | 3D Printable,9,38,0,2026-03-11,islamic geometric
919251,Geometric Drink Coaster + Holder,8,46,0,2024-06-26,geometric coaster
1802819,Lily Pad Geometric Flower Set plus Coaster - Natural Water Decor,8,24,0,2026-08-13,geometric coaster
711551,Celtic Mandala Coaster 39,8,81,1,2024-01-07,celtic coaster; mandala coaster
711530,Celtic Mandala Coaster 33,8,70,0,2024-01-07,celtic coaster; mandala coaster
711392,Celtic Mandala Coaster 4,8,53,0,2024-01-07,celtic coaster; mandala coaster
711476,Celtic Mandala Coaster 25,8,54,0,2024-01-07,celtic coaster; mandala coaster
711501,Celtic Mandala Coaster 27,8,56,0,2024-01-07,mandala coaster
711468,Celtic Mandala Coaster 22,8,53,0,2024-01-07,celtic coaster; mandala coaster
711495,Celtic Mandala Coaster 26,8,48,0,2024-01-07,mandala coaster
711464,Celtic Mandala Coaster 21,8,46,0,2024-01-07,mandala coaster
977872,Coaster with Modern Hexagonal Design,8,55,1,2024-09-10,hexagon coaster
228646,Hexagon coaster with a hexagon grating,8,64,1,2022-06-19,hexagon coaster
228045,Hexagon Coaster Set - 3D Style,8,46,0,2022-06-18,hexagon coaster
1674222,Hexagon Cup Coster,8,60,0,2026-04-07,hexagon coaster
1126513,Art Deco Hexagon Coaster,8,39,0,2024-12-30,hexagon coaster
1428767,Hexagon drink coaster with spill catcher,8,19,0,2025-09-29,hexagon coaster
1453295,Cross Celtic Coaster,8,19,0,2025-10-21,celtic coaster
1444336,Celtic FC Logo Coaster or Plaque,8,76,0,2025-10-13,celtic coaster
679964,Celtic / Norse - Tree Of Life Coaster 40,8,50,0,2023-12-13,celtic coaster
1493091,Celtic Four Leaf Clover Coaster,8,58,0,2025-11-25,celtic coaster
229776,Voronoi coaster,8,41,0,2022-06-21,voronoi coaster
734377,Voronoi Heart Coaster,8,32,0,2024-01-24,voronoi coaster
1591688,Valentines day Themed Love Heart Patterned Drinks Coaster,8,32,0,2026-02-09,pattern coaster
859723,Labyrinth Patterned Coasters,8,20,0,2025-02-09,pattern coaster
1086227,Deco Tile Coaster,8,38,0,2024-11-25,tile coaster
2184,Empire and Rebellion drink coaster set,8,99,0,2023-01-04,coaster set
221031,Relativity Space Coaster Set,8,43,1,2022-06-08,coaster set
215609,Printables Coaster Set,8,64,2,2022-05-28,coaster set
126168,Set of 5 geeky coasters,8,30,1,2022-01-29,coaster set
73474,University of Colorado Boulder Coaster - Multicolor / Multipart,8,55,2,2022-04-09,multicolor coaster
137281,Wisconsin Badger Coaster Multicolor,8,85,0,2022-02-21,multicolor coaster
655327,Leica Coaster - Multicolor,8,62,0,2023-11-21,multicolor coaster
1174842,Decorative Penrose braid with 5-fold symmetry,8,16,0,2025-02-02,girih
887280,Tea light holder: geometric inclined plane pattern,8,46,0,2024-05-28,geometric pattern
1637801,Geometric Crown Easter Egg or Ball Holder Set - Multiple Pattern Styles,8,30,0,2026-03-20,geometric pattern
1027552,moroccan zellige  pattern,8,79,0,2024-10-03,moroccan; zellige
1688559,Elegant Geometric Coaster - Art Deco Design - Cup,7,10,0,2026-04-13,geometric coaster
425999,Coaster Mandala,7,76,1,2023-03-18,mandala coaster
711584,Celtic Mandala Coaster 42,7,55,0,2024-01-07,mandala coaster
711422,Celtic Mandala Coaster 12,7,47,0,2024-01-07,mandala coaster
711419,Celtic Mandala Coaster 11,7,44,0,2024-01-07,mandala coaster
711434,Celtic Mandala Coaster 16,7,39,0,2024-01-07,celtic coaster; mandala coaster
368429,Starbucks Coaster,7,80,1,2026-02-17,star coaster
681028,Star Wars - First Order - multicolor coaster,7,41,0,2023-12-14,multicolor coaster; star coaster
655197,Hexagonal Drink Coasters,7,94,1,2023-11-21,hexagon coaster
845598,Hexagon Coaster,7,30,0,2024-04-16,hexagon coaster
679706,Celtic / Norse - Tree Of Life Coaster 3,7,51,0,2023-12-13,celtic coaster
679726,Celtic / Norse - Tree Of Life Coaster 13,7,39,0,2023-12-13,celtic coaster
793637,Voronoi coasters,7,59,0,2024-03-05,voronoi coaster
204569,Voronoi Coaster 80mm 3.29 meters,7,35,0,2022-05-13,voronoi coaster
755072,Valentine's Day Voronoi Coaster,7,21,0,2024-03-15,voronoi coaster
1188522,"""Untitled"" (Heart) by Keith Haring, 1987 - 4 Color Print as Tile or Coaster",7,50,0,2025-02-12,tile coaster
845389,Stackable Coaster Set with Holder,7,45,1,2024-04-16,coaster set
1673737,Star Wars No AMS Snap-In Coaster – Multicolor Logo Insert Design,7,21,0,2026-04-07,multicolor coaster
780631,Girih Tiles for Islamic Geometric Patterns,7,61,0,2024-02-25,geometric pattern; girih; islamic geometric; islamic pattern
13025,Islamic Pattern,7,76,0,2019-12-02,islamic pattern
1463399,Cell Structure Planter – Modern Pot with Geometric Pattern,7,34,0,2025-10-29,geometric pattern
998149,Organiseur  Geometric pattern,7,27,0,2024-09-06,geometric pattern
1395949,"Bab al Gharbi - Oujda, Morocco",7,35,0,2025-08-26,moroccan
1759749,Moroccan Night Light,7,31,0,2026-06-20,moroccan
588551,Geometric Coaster,6,39,0,2023-09-20,geometric coaster
1394735,Floral Knot Coaster Set with Holder – Geometric Drink Coasters,6,35,0,2025-08-25,geometric coaster
383586,Geometric Designer Drinks Coasters,6,21,0,2023-01-29,geometric coaster
711543,Celtic Mandala Coaster 37,6,43,0,2024-01-07,mandala coaster
578641,Iron Man & Tony Stark Drinks Coaster 2 Color EASY!,6,37,1,2023-09-12,star coaster
422558,Star coaster,6,43,0,2023-03-13,star coaster
920138,Coaster: Teddy and stars,6,20,0,2024-06-22,star coaster
289742,10cm hexagon coaster,6,105,1,2022-10-06,hexagon coaster
986204,Hexagonal Coaster,6,30,1,2024-09-11,hexagon coaster
668685,Hexagonal Coaster,6,45,0,2023-12-03,hexagon coaster
459785,Hexagon Coaster Holder,6,22,0,2023-04-22,hexagon coaster
1847258,HexCoaster – Minimalist Hexagon Desk Coaster (No Support),6,13,0,2026-09-20,hexagon coaster
1467704,Celtic F.C. Coaster,6,72,0,2025-11-02,celtic coaster
1518535,Irish Celtic Shamrock Coaster,6,23,1,2025-12-16,celtic coaster
679731,Celtic / Norse - Tree Of Life Coaster 15,6,35,0,2023-12-13,celtic coaster
1518551,Irish Celtic Shield Coaster,6,14,0,2025-12-16,celtic coaster
679767,Celtic / Norse - Tree Of Life Coaster 23,6,38,0,2023-12-13,celtic coaster
92793,Glas Coaster Set (several patterns),6,45,0,2023-01-10,pattern coaster
822901,Moving Moiré Pattern Coaster - two inserts,6,61,0,2024-03-30,pattern coaster
233202,Moving Moiré Pattern Coaster - Multi Piece,6,29,0,2022-06-28,pattern coaster
450139,Hex Cube Pattern Coaster,6,47,0,2023-04-14,pattern coaster
714443,Coaster Set Prusa Slicer Patterns,6,34,0,2024-01-09,pattern coaster
1580576,Iron Maiden Eddie Coaster Set Powerslave Pharoah Tribute 100mm,6,50,0,2026-02-01,coaster set
920057,Super Mario Coasters - Same Layer Multicolour (Single Extruder),6,46,0,2024-06-22,multicolor coaster
751951,Witch Please Halloween Coaster - Multicolour Remix,6,45,0,2024-02-05,multicolor coaster
874343,Tree Silhouette Coaster - AMS - Modern- Multicolor,6,27,0,2024-05-09,multicolor coaster
1763544,FIFA World Cup 2026 Coaster – Multicolor Football Fan Edition,6,18,0,2026-06-24,multicolor coaster
1659162,Support-Free Easter Egg - Decorative Geometric Patterns,6,19,0,2026-04-01,geometric pattern
823068,Geometric Cup Coasters Set and Holder,5,45,0,2024-03-28,geometric coaster
51898,Geometric Coasters + Holder,5,38,0,2021-01-15,geometric coaster
118459,Coaster Good Morning (In Arabic),5,61,0,2023-09-03,arabic coaster
711609,Celtic Mandala Coaster 48,5,51,0,2024-01-07,mandala coaster
711444,Celtic Mandala Coaster 18,5,40,0,2024-01-07,celtic coaster; mandala coaster
711511,Celtic Mandala Coaster 30,5,36,0,2024-01-07,mandala coaster
1644305,Star Wars Coaster Set,5,33,0,2026-03-20,coaster set; star coaster
601744,STARFIELD DRINKS COASTERS - FREE SET,5,25,1,2023-10-03,coaster set; star coaster
447942,Coaster - Hexagon,5,47,1,2023-04-09,hexagon coaster
1543196,Hexagonal coaster,5,31,1,2026-01-05,hexagon coaster
228468,"Coasters - Hexagon, Round Hexagon",5,96,2,2022-06-19,hexagon coaster
278613,Drink Coaster with Hexagons,5,89,2,2022-09-18,hexagon coaster
127799,Multimaterial hexagonal Cup Coaster,5,59,0,2022-02-02,hexagon coaster
547509,Hexagon coaster,5,83,0,2023-08-08,hexagon coaster
229143,Hexagon coaster,5,35,0,2022-06-20,hexagon coaster
1535239,Kumiko Coasters - Hexagonal,5,32,0,2026-01-31,hexagon coaster
625854,Hexagonal Recursion Coaster,5,42,1,2025-07-21,hexagon coaster
1542914,Hexagonal Coaster DnD logo (multicolor & single extruder multicolor file),5,22,0,2026-02-03,hexagon coaster; multicolor coaster; tile coaster
679711,Celtic / Norse - Tree Of Life Coaster 6,5,29,0,2023-12-13,celtic coaster
679768,Celtic / Norse - Tree Of Life Coaster 24,5,36,0,2023-12-13,celtic coaster
1116342,Voronoi Coaster - Square,5,38,0,2024-12-21,voronoi coaster
485564,Voronoi Coaster Set,5,13,0,2023-05-30,voronoi coaster
1541003,Coasters with patterns galore,5,29,1,2026-01-04,pattern coaster
615298,Coaster Set shape pattern.,5,32,0,2023-10-15,pattern coaster
654167,Tray for 100mm Coasters - with Fusion 360 project file,5,41,2,2023-11-20,tile coaster
1102980,Truchet tiled surface (and coaster),5,22,0,2025-01-19,tile coaster
1619394,"One Twelfth Scale Pop-Up Toaster, Retro Chrome Look, Dollhouse - 3D Printable STL File",5,10,0,2026-02-27,tile coaster
1649435,Monstera Leaf Coaster Set,5,65,2,2026-03-25,coaster set
787603,GULF Coaster | Multipass Multicolor,5,46,0,2024-03-03,multicolor coaster
767324,FAK Coaster | Multicolor for Single Extruder,5,28,0,2024-04-23,multicolor coaster
1230643,Arabesque (Girih) Plant Pot Planter,5,14,0,2025-03-22,girih
475873,Large Geometric Patterned Pot,5,30,0,2023-05-09,geometric pattern
1692231,Geometric Table Lamp with Brick-like Pattern,5,20,1,2026-09-07,geometric pattern
1792583,Geometric Matrix Planter with Pyramid Pattern,5,20,0,2026-07-27,geometric pattern
435888,Secret Squirrel & Morocco Mole (black & white version),5,23,0,2023-03-28,moroccan
1577246,Moroccan Lattice Vase,5,16,0,2026-01-30,moroccan
1692055,Mandala Coasters — 5 Geometric Patterns (92mm),4,17,1,2026-08-28,geometric coaster; geometric pattern; mandala coaster; pattern coaster
659371,Geometric pattern coaster,4,24,0,2023-11-27,geometric coaster; geometric pattern; pattern coaster
1760334,Geometric Line Coaster – Decorative & Functional Drink Coaster,4,14,0,2026-06-21,geometric coaster
1480467,Cup Coaster with Arabic Font [ White Arrow],4,25,0,2025-11-13,arabic coaster
711504,Celtic Mandala Coaster 28,4,52,0,2024-01-07,celtic coaster; mandala coaster
711412,Celtic Mandala Coaster 10,4,39,0,2024-01-07,celtic coaster; mandala coaster
1195784,Star Trek coaster holder,4,13,0,2025-02-17,star coaster
446430,Coaster - Star,4,26,1,2023-04-08,star coaster
504272,Star Trek Discovery coaster,4,23,0,2023-06-13,star coaster
230551,Stars coaster,4,23,0,2022-06-23,star coaster
1394743,Maze Star Coaster Set with Holder – Modern Angular Design,4,11,0,2025-08-25,star coaster
1734400,Stars and Stripes American Flag Drink Coasters and Caddy,4,14,0,2026-05-25,star coaster
615429,Hexagon Coaster,4,88,1,2023-10-18,hexagon coaster
961010,Hyper Hexagonest – A floating drinks coaster,4,24,0,2024-08-01,hexagon coaster
854921,Hexagonal Coaster,4,32,0,2024-04-23,hexagon coaster
366584,Short Hexagon Coaster,4,25,0,2023-01-15,hexagon coaster
888769,Hexagon Honeycomb Coaster,4,24,0,2024-05-23,hexagon coaster
271266,Hexagonal Coaster Holder,4,20,0,2025-03-14,hexagon coaster
228825,Hexagon Stacking Coaster,4,11,0,2022-06-19,hexagon coaster
1538691,Three design hexagon coaster set,4,12,0,2026-01-02,hexagon coaster
1089203,Hexagon PCB Coaster Holder,4,12,0,2025-02-22,hexagon coaster
1125953,Hexagonal coaster,4,13,0,2024-12-29,hexagon coaster
679952,Celtic / Norse - Tree Of Life Coaster 35,4,24,0,2023-12-13,celtic coaster
679735,Celtic / Norse - Tree Of Life Coaster 16,4,27,0,2023-12-13,celtic coaster
679728,Celtic / Norse - Tree Of Life Coaster 14,4,26,0,2023-12-13,celtic coaster
1442723,Celtic-inspired coaster,4,10,0,2025-10-12,celtic coaster
1105441,Celtic horses triskel beer/drink coaster,4,19,0,2025-02-12,celtic coaster
1518563,Irish Celtic Spiral Coaster,4,17,0,2025-12-16,celtic coaster
679949,Celtic / Norse - Tree Of Life Coaster 34,4,30,0,2023-12-13,celtic coaster
729258,Square voronoi Coaster,4,43,0,2024-01-19,voronoi coaster
71677,cool hex shaped patterned coaster,4,82,2,2021-07-17,pattern coaster
1246487,Coaster - PCB / Circuit Board Pattern,4,24,1,2025-03-28,pattern coaster
1467545,Spiral Pattern Drink Coasters,4,20,1,2025-11-02,pattern coaster
231030,Simple Pattern Coasters,4,45,0,2023-10-08,pattern coaster
1580453,Modern Style Coaster Set Lightning Pattern 100mm With Holder,4,11,0,2026-02-01,pattern coaster
1210301,"Drink Coaster - STL MODEL FILE, GCODE PRINT FILE",4,122,1,2025-03-05,tile coaster
634990,Coaster - Time to Relax,4,33,0,2023-11-03,tile coaster
228388,Coaster Tiles,4,18,0,2022-06-19,tile coaster
1374278,"Great Outdoors Coasters: Outdoor Life Set – Color Swap Ready, Cabin Approved (NO MMU NEEDED)",4,25,1,2025-08-04,coaster set
316150,"UC Berkeley Cal Bears Coasters (multicolor, multipart)",4,58,0,2022-11-13,multicolor coaster
692076,Multicolour Coaster for Flowerpots / Mehrfarbiger Blumentopfuntersetzer,4,48,0,2024-01-23,multicolor coaster
457785,Penguin Coaster ( AMS - Multicolor ),4,39,1,2023-04-20,multicolor coaster
526773,"multicolor smile coaster ,bambu studio or other",4,46,0,2023-07-17,multicolor coaster
1439940,Festive Color-Shifting Coasters & Holder – Spiral Print for Multicolor Filaments,4,11,0,2025-11-07,multicolor coaster
87437,Islamic Pattern,4,35,1,2021-11-19,islamic pattern
159117,"Flag Cookie Cutters - Morocco, Korea, Italy",4,30,0,2022-04-01,moroccan
963390,PORTE MAROCAIN,4,24,0,2024-08-03,moroccan
1434682,Faceted Moroccan Quatrefoil - Frame for Flowers or String Lights,4,5,0,2025-10-04,moroccan
1639492,Dodecorated Lampshade,4,7,0,2026-03-16,zellige
779238,Geometric-shaped coaster plus holder,3,27,0,2024-02-24,geometric coaster
788709,Geometric coaster with drip tray,3,18,0,2024-03-03,geometric coaster
1637220,Geometric Coaster,3,13,0,2026-03-14,geometric coaster
1502872,Geometric Orca Coasters,3,9,0,2026-05-22,geometric coaster
1743716,Morocco national football team Logo Coaster or Plaque,3,19,0,2026-06-03,moroccan; moroccan coaster
1007385,FC Slovan Liberec staré logo tácek/coaster,3,26,3,2026-01-29,star coaster
1314408,"Star Wars 3"" Imperial Logo Coaster Two-Tone",3,20,1,2025-06-01,star coaster
1159029,Starbucks Heart Drink Coaster,3,16,0,2025-01-22,star coaster
1762499,Hexagon Coaster | Last Meter,3,28,1,2026-06-23,hexagon coaster
257832,Hexagonal Cup Coaster,3,67,0,2022-10-02,hexagon coaster
590623,Round Hexagon Coaster,3,49,0,2023-09-22,hexagon coaster
217795,Hexagonal Coaster Holder,3,27,0,2022-05-31,hexagon coaster
484525,Flexible Hexagon Coaster,3,26,0,2023-05-19,hexagon coaster
1161820,Hexagon coasters,3,36,0,2025-01-30,hexagon coaster
511287,Hexagonal Grid Coaster Generator,3,24,0,2023-06-25,hexagon coaster
268458,Hexagon Mesh Coaster with Text,3,18,0,2024-11-29,hexagon coaster
1467094,Hexagon coaster,3,30,0,2026-09-22,hexagon coaster
231415,Hexagonal Stacking Coaster,3,13,0,2022-06-25,hexagon coaster
1468727,Hexagon Coaster Set – Geometrische Tiermotive & Mystische Wesen (Zweifarbendruck + Aufbewahrungsbox),3,9,0,2025-11-06,hexagon coaster
1692200,Honeycomb/Hexagonal Cup/Glass Coaster,3,7,0,2026-04-21,hexagon coaster
1340731,Hexagon Coaster,3,6,0,2025-06-28,hexagon coaster
188521,Celtic Knot Three Rings Coaster,3,20,1,2022-12-21,celtic coaster
679738,Celtic / Norse - Tree Of Life Coaster 17,3,26,0,2023-12-13,celtic coaster
679742,Celtic / Norse - Tree Of Life Coaster 20,3,26,0,2023-12-13,celtic coaster
971805,Celtic Dragon Coaster,3,23,0,2024-08-12,celtic coaster
679739,Celtic / Norse - Tree Of Life Coaster 18,3,21,0,2023-12-13,celtic coaster
679750,Celtic / Norse - Tree Of Life Coaster 21,3,24,0,2023-12-13,celtic coaster
679707,Celtic / Norse - Tree Of Life Coaster 4,3,36,0,2023-12-13,celtic coaster
679722,Celtic / Norse - Tree Of Life Coaster 11,3,25,0,2023-12-13,celtic coaster
679946,Celtic / Norse - Tree Of Life Coaster 32,3,32,0,2023-12-13,celtic coaster
833270,Voronoi drink coaster,3,17,0,2024-04-05,voronoi coaster
119755,Round coasters with spiral pattern,3,54,0,2022-01-16,pattern coaster
547296,Coaster with curvy pattern,3,20,0,2023-08-11,pattern coaster
1608306,Cup Coaster - Pattern and Sports,3,27,0,2026-03-11,pattern coaster
1278108,Japanese pattern coasters,3,8,0,2025-04-27,pattern coaster
1578076,Grateful Dead Steal Your Face Coaster Set With Holder 100mm,3,45,1,2026-01-31,coaster set
1786337,Snowflake Set — Ornament · Coaster · Fridge Magnet · Earrings · Print-in-Place Cuff (Parametric),3,4,1,2026-08-28,coaster set
1767514,NYC Knicks Coster set,3,10,1,2026-08-24,coaster set
784381,Depeche Mode Coaster [Master and Servant] Multipass Multicolor,3,28,0,2024-04-23,multicolor coaster
847919,Deep Purple Coaster v1 | Multipass Multicolor,3,27,0,2024-04-23,multicolor coaster
1074157,Sly Cooper Coaster MULTICOLOR,3,14,1,2024-11-15,multicolor coaster
1099516,iPhone 16 Pro Case with geometric pattern,3,90,0,2024-12-06,geometric pattern
748366,Multi-Purpose 3D Printed Organizer with Geometric Pattern,3,17,0,2024-02-02,geometric pattern
1679175,Sacred Geometry Flower – Circular Symmetry Pattern (Geometric Mandala),3,22,0,2026-04-10,geometric pattern
1793499,Large Geometric Planter with Diamond Pattern,3,14,0,2026-07-28,geometric pattern
874995,Morocco flag key chain.,3,68,0,2024-05-10,moroccan
831023,Morocco keychain,3,63,0,2024-04-17,moroccan
1081640,Morocco Country Magnets (parametric),3,38,0,2025-01-16,moroccan
728935,Coaster Set Abstract Elemental Geometric Gamer Platonic Solids,2,17,0,2024-01-19,geometric coaster
1423562,Geometric Heart Coaster Set,2,12,0,2025-09-23,geometric coaster
1677997,Nesting Geometric Coasters – Stackable Triangle Grip Design,2,9,0,2026-04-09,geometric coaster
1766156,Modern Geometric Coaster Set & Holder,2,3,0,2026-06-27,geometric coaster
1845114,"Modern Geometric Coaster – Two-Colour, Single Extruder Drinks Coaster",2,4,0,2026-09-17,geometric coaster
1650890,Saudi Arabia National Football Team Logo Coaster or Plaque,2,18,0,2026-03-26,arabic coaster
1741720,Coaster – Tibetan Mandala,2,9,0,2026-06-01,mandala coaster
669976,Christmas Star –  (Hot) Drink Coaster,2,20,0,2023-12-04,star coaster
1501300,Multi Coloured flat Starwars collection coasters,2,18,0,2025-12-06,star coaster
336877,coaster hexagonal pattern,2,52,2,2022-12-10,hexagon coaster; pattern coaster
1045430,Hexagonal coaster set,2,20,1,2025-05-04,coaster set; hexagon coaster
600462,Hexagonal Coaster,2,24,0,2023-10-02,hexagon coaster
998766,Hexagon Coaster,2,28,0,2024-09-06,hexagon coaster
469148,Hexagonal coasters keeper - remix,2,12,0,2023-05-03,hexagon coaster
229543,Hexagon coaster with face,2,14,0,2022-06-21,hexagon coaster
263359,Simple Hexagonal coaster,2,14,0,2022-08-21,hexagon coaster
1774930,Holder for Flexi Hexagonal Coaster,2,5,0,2026-07-07,hexagon coaster
1600026,Hexagonal coaster with hexagonal pattern,2,5,0,2026-02-13,hexagon coaster; pattern coaster
679705,Celtic / Norse - Tree Of Life Coaster 2,2,24,0,2023-12-13,celtic coaster
731031,Voronoi Coaster,2,27,0,2024-01-30,voronoi coaster
1093541,Coaster Assembly With Voronoi Pattern,2,29,0,2024-12-06,pattern coaster; voronoi coaster
731563,Voronoi Drink Coaster,2,19,0,2024-01-21,voronoi coaster
729658,Voronoi Coaster,2,14,0,2024-01-20,voronoi coaster
1105054,Voronoi Coaster,2,11,0,2024-12-11,voronoi coaster
1467180,Caffeine Coaster with Voronoi lattice,2,11,0,2025-11-02,voronoi coaster
1397106,Voronoi Cosater,2,6,0,2025-08-27,voronoi coaster
333922,Untersetzer mit Wabenmuster und Kreismuster / Coasters with honeycomb and circle pattern,2,47,0,2022-12-06,pattern coaster
227696,Simple Patterned Drink Coaster,2,21,0,2022-06-17,pattern coaster
333919,Untersetzer mit Sternmuster / Star pattern coasters,2,21,0,2022-12-06,pattern coaster
400902,A Coaster with easter pattern,2,13,0,2023-02-17,pattern coaster
1120309,Coaster with circle pattern,2,12,0,2024-12-25,pattern coaster
1441650,Honeycomb Patter Coaster,2,10,0,2025-10-11,pattern coaster
1801905,Dual‑Pattern 2x2 Checkered Square Coasters — Hex with Solid or Grid Infill - Optional Corner Guards,2,8,0,2026-08-06,pattern coaster
1155776,Terracotta tiles coaster,2,13,0,2025-01-20,tile coaster
1042848,Spectre Tile Coaster,2,15,0,2026-03-26,tile coaster
579369,Aperiodic Tile Coaster,2,11,0,2025-10-18,tile coaster
1342332,tile coaster,2,7,0,2025-06-30,tile coaster
1159127,Fortnite Drink Coaster set,2,33,1,2025-01-22,coaster set
784639,"Real Madrid Coaster, Multicolor",2,37,2,2024-02-27,multicolor coaster
527768,Multicolor coaster (pokeball),2,19,0,2024-09-20,multicolor coaster
1147027,Multicolor coaster with weightlifting logo and czech flag,2,9,0,2025-01-13,multicolor coaster
1766198,Kumiko Coaster by Concentric pieces for multicolor,2,3,0,2026-06-27,multicolor coaster
1848930,"""'LOU"" Coaster - Double Sided Print  (Multibody, Multicolor,  AMS)",2,1,0,2026-09-20,multicolor coaster
1584445,STEWART-GIRIH RADIAL DODECAHEDRAL POLYTOROID 1,2,3,0,2026-02-04,girih
1430560,Geometric Pattern Bowtie,2,6,1,2025-10-01,geometric pattern
454301,Geometric Sun Coaster,1,50,0,2023-04-16,geometric coaster
1347571,Sunflower geometric coaster,1,17,0,2025-07-06,geometric coaster
399339,Coaster with geometric shape,1,16,0,2023-02-17,geometric coaster
1015392,Geometric beverage coasters,1,8,0,2024-09-22,geometric coaster
1563472,Geometry Dash Coaster,1,8,0,2026-01-20,geometric coaster
1091635,Geometric Coaster,1,10,0,2024-11-29,geometric coaster
1206095,Geometric coaster,1,5,0,2025-02-24,geometric coaster
1604341,Formula 1 2026 Saudi Arabia Coaster,1,19,0,2026-02-16,arabic coaster
1542409,Star Wars Emblem Coasters,1,13,1,2026-01-19,star coaster
1689935,Star Coaster,1,7,2,2026-04-15,star coaster
970106,Star Cup Coaster,1,7,0,2024-08-10,star coaster
1705299,Star Wars May The Fourth Coaster,1,2,0,2026-04-29,star coaster
614926,Hexagon coaster,1,49,0,2023-10-14,hexagon coaster
436625,Simple Stackable Hexagonal Drink Coaster,1,30,1,2023-08-01,hexagon coaster
1339898,Hexagonal Cup Coaster,1,27,0,2025-06-27,hexagon coaster
336562,Hexagon texture coaster,1,11,0,2022-12-10,hexagon coaster
285596,Hexagon for coaster,1,13,1,2022-09-29,hexagon coaster
806026,Hexagon Coaster,1,13,0,2024-03-15,hexagon coaster
469145,Hexagonal coasters keeper,1,12,0,2023-05-03,hexagon coaster
1116725,hexagonal coasters,1,12,0,2025-03-21,hexagon coaster
983544,Coaster Set with hexagonal pattern 80mm/100mm/120mm,1,12,0,2024-08-23,hexagon coaster; pattern coaster
1600201,Hexagonal coaster with hexagonal pattern,1,8,0,2026-02-13,hexagon coaster; pattern coaster
1072587,Amber Hydration Bottle with Hexagon Coaster,1,6,0,2024-11-14,hexagon coaster
1600074,Hexagonal coaster with a pattern that fades away,1,4,0,2026-02-13,hexagon coaster; pattern coaster
1771939,Coasters with holder - Hexagonal pattern,1,8,0,2026-07-04,hexagon coaster; pattern coaster
1556592,Hexagonal Coaster,1,2,0,2026-01-17,hexagon coaster
975328,Coaster with hexagon,1,8,0,2024-08-15,hexagon coaster
972290,Hexagon coaster,1,6,0,2024-08-12,hexagon coaster
1462235,Hexagon Coaster,1,3,0,2025-10-28,hexagon coaster
1600065,Hexagonal coaster with hexagonal pattern,1,3,0,2026-02-13,hexagon coaster; pattern coaster
143421,Voronoi coaster high corner,1,22,0,2022-03-01,voronoi coaster
1198066,Voronoi Coasters with Drainage Feet,1,14,0,2025-02-19,voronoi coaster
1753174,Penrose Voronoi coaster and ring for mold-making,1,4,0,2026-07-09,voronoi coaster
1760525,Table Coaster Holder + Voronoi ver,1,4,0,2026-06-21,voronoi coaster
1195243,coaster with honeycomb pattern,1,15,0,2025-02-17,pattern coaster
1801022,Greek Themed Patterned Coaster,1,4,0,2026-08-05,pattern coaster
993881,Custom Scrabble Tile Coaster – Holds 4x4 Letter,1,16,0,2024-09-02,tile coaster
1155784,Terracotta tiles coaster holder,1,8,0,2025-01-19,tile coaster
1619058,Sand Dollar Coaster Set - 3D Printable STL File,1,6,0,2026-02-27,tile coaster
1740816,Wharfie Time Anchor Drink Coaster,1,4,0,2026-05-31,tile coaster
1566074,Snowflake Coaster (15 min Print Time),1,5,0,2026-01-22,tile coaster
1836261,Coffee Time Cup Coaster Set,1,3,0,2026-09-08,tile coaster
1451455,Honeycombed Coaster Set Without Stand,1,2,1,2025-10-19,coaster set
1635798,Skies of Arcadia Inspired Coaster Set,1,5,1,2026-03-13,coaster set
20098,Kings Coaster Remix (Plate border added with multicolor print optimized),1,25,0,2020-02-01,multicolor coaster
73476,UCSB Coaster (Multicolor),1,14,0,2022-04-09,multicolor coaster
1363524,Coaster with Pakistan flag MMU (multicolor),1,12,0,2025-07-23,multicolor coaster
1361701,Coaster with Suriname flag MMU (multicolor),1,9,0,2025-07-22,multicolor coaster
1329942,Multicolor Dot Coaster,1,7,0,2025-07-09,multicolor coaster
1524053,UC San Diego (UCSD) Multicolor Triton Coaster,1,3,0,2025-12-21,multicolor coaster
707801,Adattatore Dischi da 33 giri (33 rpm record adapter),1,31,1,2024-01-05,girih
1230673,Arabesque (Girih) Coasters,1,22,0,2025-03-22,girih
1231426,Arabesque/Girih Prototile (stl/CAD),1,20,0,2025-03-22,girih
1238443,Arabesque (Girih) Coasters 2,1,16,0,2025-03-22,girih
1422447,Giriş - Enter,1,3,0,2025-09-22,girih
1584384,STEWART-GIRIH ICOSAHEDRAL POLYTOROID 1,1,3,0,2026-02-04,girih
1584461,STEWART-GIRIH STAR ICOSIDODECAHEDRAL POLYTOROID 1,1,3,0,2026-02-04,girih
1584378,STEWART-GIRIH STAR ICOSIDODECAHEDRAL POLYTOROID 1,1,3,0,2026-02-04,girih
1095331,Geometric/Pattern Vase,1,18,0,2024-12-04,geometric pattern
1029237,i3d Geometric Pattern Blocks,1,14,0,2024-10-05,geometric pattern
1664747,Voronoi Pattern Vase — Geometric Lattice | No Supports,1,4,0,2026-04-20,geometric pattern
1108192,Herrnhuter Stern - window power cable guide for morovian star,1,23,0,2024-12-14,moroccan
687812,"26 Pt Morovian Star 5/16"" dia mounting hole",1,24,0,2023-12-21,moroccan
1695102,Simple Coaster Set — 3 Geometric Patterns | Hex / Ring / Triangle | No Supports,0,3,0,2026-04-20,geometric coaster; geometric pattern; pattern coaster
1609116,Stylish Geometric Drink Coaster,0,3,0,2026-02-20,geometric coaster
1485408,Cup Coaster - Geometric,0,3,0,2025-11-18,geometric coaster
1847733,GeoForm — 4-Piece Geometric Coaster Set & Caddy,0,0,0,2026-09-20,geometric coaster
1851410,Geometric Coaster Design,0,2,0,2026-09-22,geometric coaster
1732564,Coaster Mandala+Slavic Star,0,3,0,2026-05-24,mandala coaster
1449851,4 Inch Coaster Branded with Company Name StarForge Kits 3D Print STL File,0,6,0,2025-10-18,star coaster; tile coaster
1147076,Plain Hexagonal Coaster,0,33,0,2025-01-13,hexagon coaster
1196357,Coaster with hexagon pattern,0,17,0,2025-02-17,hexagon coaster; pattern coaster
852856,Hexagon Coaster,0,5,0,2025-04-07,hexagon coaster
1148383,Hexagon Coaster Pack,0,9,0,2025-07-05,hexagon coaster
1852392,Hexagon Coaster/Untersetzer with colored ring incl. holder/Halter NO AMS,0,1,0,2026-09-23,hexagon coaster
1345671,Hexagon Coaster with Raised Margins (Bevel),0,5,0,2025-07-04,hexagon coaster
1178676,Hexagonal Coaster Holder,0,8,0,2025-02-05,hexagon coaster
1044094,Celtic Coaster,0,10,0,2024-10-19,celtic coaster
489432,Voronoi Coaster 5X5cm,0,21,0,2023-05-24,voronoi coaster
1650489,Voronoi coaster. V.2 Coaster (Print In Place!),0,2,0,2026-03-26,voronoi coaster
1787154,Voronoi Coaster set (Minimalistic),0,2,0,2026-07-21,voronoi coaster
1696085,Turing Pattern Coaster,0,7,0,2026-04-23,pattern coaster
1851414,Patterned Coaster Design,0,0,0,2026-09-22,pattern coaster
1172252,Westworld Maze Coaster STL File | Easy 3D Print,0,29,0,2026-04-15,tile coaster
82947,Time to drink coaster,0,16,0,2021-10-24,tile coaster
1299546,4 Inch Coaster Branded with Company Name MineeForm FDM 3D Print STL File,0,9,0,2025-05-18,tile coaster
1648492,Anti-Slip Coaster for Yet Another Single Dose Base with Tilt for Eureka Mignon,0,3,0,2026-03-24,tile coaster
1783991,Time to TWICE Coaster,0,3,0,2026-07-17,tile coaster
1619092,Sand Dollar Coaster Set - 3D Printable STL File,0,4,0,2026-02-27,tile coaster
1617635,Circuit Board Coaster Set - 3D Printable STL File,0,2,0,2026-02-26,tile coaster
1454423,4 Inch Coaster Branded with Company Name StarForge Kits 3D Print STL File,0,4,0,2025-10-21,tile coaster
1564906,"StarTrek Tile/Coaster 8"" x 8""",0,4,0,2026-01-21,tile coaster
1785975,COFFE TIME COASTER,0,0,0,2026-07-20,tile coaster
767938,Cylindrical Geometric Patterned Phonestand,0,17,0,2024-07-07,geometric pattern
1619475,"Intricate Snowflake Christmas Ornament, Geometric Pattern, Tree - 3D Printable STL File",0,7,0,2026-02-27,geometric pattern
1389636,Geometric pattern planter,0,5,0,2025-08-20,geometric pattern
1794416,Geometric Planter - Mosaic Diamond Pattern Plant Pot,0,4,0,2026-07-29,geometric pattern
1619236,"Hexagonal Geometric Pen Holder, Honeycomb Pattern, Modern Desk - 3D Printable STL File",0,2,0,2026-02-27,geometric pattern
948388,Morocco Flag Keychain,0,36,0,2024-07-19,moroccan
1155259,Morocco,0,9,0,2025-01-19,moroccan
1776912,MagFlag: Moroccan Flag Fridge Magnet Multicolor with SVG,0,7,0,2026-07-09,moroccan
1649652,Morocco flag keychain,0,3,0,2026-03-25,moroccan
1838089,Moroccan Lantern Collection for Govee S14 String Lights,0,2,0,2026-09-10,moroccan
1836620,Moroccan Oasis Echo Dot 3 Stand & Rain Shelter,0,2,0,2026-09-08,moroccan
1829161,Sunlace Organizer with a Moroccan Pattern,0,1,0,2026-08-31,moroccan
1840339,Moroccan Oasis Echo Pop Stand,0,0,0,2026-09-12,moroccan
